avg_attacker_episode_rewards,avg_defender_episode_rewards,avg_episode_steps,epsilon_values,hack_probability,attacker_cumulative_reward,defender_cumulative_reward,avg_episode_loss_attacker,avg_episode_loss_defender,lr_list,cumulative_hack_probability
1.0,-2.8,8.0,0.5,1.0,0,0,0.0,0.0,0.0005,1.0
0.16,-1.3299999999999996,5.26,0.49502466934568606,0.58,17,-133.4,0.0,0.0,0.0005,0.5841584158415841
0.04,-1.297,5.51,0.4900988465216115,0.52,21,-262.7999999999998,0.0,0.0,0.0005,0.5522388059701493
0.2,-1.349,5.2,0.4852220388921255,0.6,41,-398.29999999999956,0.0,0.0,0.0005,0.5681063122923588
0.14,-1.352,5.39,0.4803937587236281,0.57,53,-529.9999999999994,0.0,0.0,0.0005,0.5685785536159601
0.1,-1.291,5.29,0.47561352313579053,0.55,65,-662.6000000000008,0.0,0.0,0.0005,0.564870259481038
0.04,-1.2670000000000001,5.38,0.4708808540532626,0.52,67,-786.1000000000015,0.0,0.0,0.0005,0.5574043261231281
-0.12,-1.014,4.96,0.4661952781578611,0.44,55,-887.8000000000022,0.0,0.0,0.0005,0.5406562054208274
0.1,-1.297,5.32,0.4615563268412307,0.55,65,-1017.5000000000026,0.0,0.0,0.0005,0.5418227215980025
0.26,-1.4810000000000003,5.52,0.4569635361579792,0.63,93,-1167.9000000000035,0.0,0.0,0.0005,0.5516093229744728
0.18,-1.401,5.41,0.4524164467792781,0.59,109,-1305.7000000000035,0.0,0.0,0.0005,0.5554445554445554
-0.1,-1.04,4.94,0.4479146039469247,0.45,98,-1407.5000000000034,0.0,0.0,0.0005,0.5458673932788374
0.04,-1.291,5.5,0.4434575574278605,0.52,104,-1538.6000000000038,0.0,0.0,0.0005,0.5437135720233139
0.2,-1.388,5.35,0.43904486146914434,0.6,122,-1675.1000000000047,0.0,0.0,0.0005,0.5480399692544197
-0.02,-1.108,4.98,0.4346760747533712,0.49,122,-1788.2000000000055,0.0,0.0,0.0005,0.5438972162740899
-0.02,-1.1440000000000001,5.13,0.43035076035453645,0.49,118,-1900.6000000000065,0.0,0.0,0.0005,0.5403064623584277
0.18,-1.365,5.27,0.42606848569433775,0.59,136,-2036.5000000000066,0.0,0.0,0.0005,0.5434103685196752
-0.1,-1.046,4.96,0.4218288224989135,0.45,126,-2141.7000000000044,0.0,0.0,0.0005,0.5379188712522046
-0.12,-0.978,4.83,0.4176313467560094,0.44,116,-2240.6000000000013,0.0,0.0,0.0005,0.532481954469739
0.02,-1.1749999999999998,5.06,0.4134756386725741,0.51,116,-2356.7,0.0,0.0,0.0005,0.5312993161493951
-0.04,-1.2199999999999998,5.45,0.40936128263277455,0.48,112,-2478.999999999998,0.0,0.0,0.0005,0.5287356321839081
